annotation	target_package	android17_policy	main_process	child_process	child_process_contains	class	source
CommonModPack	common	blocked	true	false		HookTester	app/src/main/java/sh/siava/pixelxpert/xposed/modpacks/allApps/HookTester.java
DialerModPack	com.google.android.dialer	manual-scope	true	false		RecordingMessage	app/src/main/java/sh/siava/pixelxpert/xposed/modpacks/dialer/RecordingMessage.java
FrameworkModPack	android	blocked	true	false		BrightnessRange	app/src/main/java/sh/siava/pixelxpert/xposed/modpacks/android/BrightnessRange.java
FrameworkModPack	android	blocked	true	false		FaceUpScreenSleep	app/src/main/java/sh/siava/pixelxpert/xposed/modpacks/android/FaceUpScreenSleep.java
FrameworkModPack	android	blocked	true	false		HotSpotController	app/src/main/java/sh/siava/pixelxpert/xposed/modpacks/android/HotSpotController.java
FrameworkModPack	android	blocked	true	false		PackageManager	app/src/main/java/sh/siava/pixelxpert/xposed/modpacks/android/PackageManager.java
FrameworkModPack	android	blocked	true	false		PhoneWindowManager	app/src/main/java/sh/siava/pixelxpert/xposed/modpacks/android/PhoneWindowManager.java
FrameworkModPack	android	blocked	true	false		ScreenOffKeys	app/src/main/java/sh/siava/pixelxpert/xposed/modpacks/android/ScreenOffKeys.java
FrameworkModPack	android	blocked	true	false		ScreenRotation	app/src/main/java/sh/siava/pixelxpert/xposed/modpacks/android/ScreenRotation.java
FrameworkModPack	android	blocked	true	false		StatusbarSize	app/src/main/java/sh/siava/pixelxpert/xposed/modpacks/android/StatusbarSize.java
FrameworkModPack	android	blocked	true	false		SystemScreenRecord	app/src/main/java/sh/siava/pixelxpert/xposed/modpacks/android/SystemScreenRecord.java
FrameworkModPack	android	blocked	true	false		TargetOptimizer	app/src/main/java/sh/siava/pixelxpert/xposed/modpacks/android/TargetOptimizer.java
KSUModPack	me.weishu.kernelsu	manual-scope	true	false		KSUInjector	app/src/main/java/sh/siava/pixelxpert/xposed/modpacks/ksu/KSUInjector.java
KSUNextModPack	com.rifsxd.ksunext	manual-scope	true	false		KSUInjector	app/src/main/java/sh/siava/pixelxpert/xposed/modpacks/ksu/KSUInjector.java
LauncherModPack	com.google.android.apps.nexuslauncher	manual-scope	true	false		ClearAllButtonMod	app/src/main/java/sh/siava/pixelxpert/xposed/modpacks/launcher/ClearAllButtonMod.java
LauncherModPack	com.google.android.apps.nexuslauncher	manual-scope	true	false		CustomNavGestures	app/src/main/java/sh/siava/pixelxpert/xposed/modpacks/launcher/CustomNavGestures.java
LauncherModPack	com.google.android.apps.nexuslauncher	manual-scope	true	false		HideNavigationBarInsets	app/src/main/java/sh/siava/pixelxpert/xposed/modpacks/launcher/HideNavigationBarInsets.java
LauncherModPack	com.google.android.apps.nexuslauncher	manual-scope	true	false		LauncherGestureNavbarManager	app/src/main/java/sh/siava/pixelxpert/xposed/modpacks/launcher/LauncherGestureNavbarManager.java
LauncherModPack	com.google.android.apps.nexuslauncher	manual-scope	true	false		LauncherThemedIcons	app/src/main/java/sh/siava/pixelxpert/xposed/modpacks/launcher/LauncherThemedIcons.java
LauncherModPack	com.google.android.apps.nexuslauncher	manual-scope	true	false		PixelXpertIconUpdater	app/src/main/java/sh/siava/pixelxpert/xposed/modpacks/launcher/PixelXpertIconUpdater.java
LauncherModPack	com.google.android.apps.nexuslauncher	manual-scope	true	false		TaskbarActivator	app/src/main/java/sh/siava/pixelxpert/xposed/modpacks/launcher/TaskbarActivator.java
SettingsModPack	com.android.settings	manual-scope	true	false		AppCloneEnabler	app/src/main/java/sh/siava/pixelxpert/xposed/modpacks/settings/AppCloneEnabler.java
SettingsModPack	com.android.settings	manual-scope	true	false		IconPacks	app/src/main/java/sh/siava/pixelxpert/xposed/modpacks/systemui/IconPacks.java
SettingsModPack	com.android.settings	manual-scope	true	false		PXSettingsLauncher	app/src/main/java/sh/siava/pixelxpert/xposed/modpacks/settings/PXSettingsLauncher.java
SystemUIModPack	com.android.systemui	manual-scope	true	false		BatteryDataProvider	app/src/main/java/sh/siava/pixelxpert/xposed/modpacks/systemui/BatteryDataProvider.java
SystemUIModPack	com.android.systemui	manual-scope	true	false		BrightnessRange	app/src/main/java/sh/siava/pixelxpert/xposed/modpacks/android/BrightnessRange.java
SystemUIModPack	com.android.systemui	manual-scope	true	false		DepthWallpaper	app/src/main/java/sh/siava/pixelxpert/xposed/modpacks/systemui/DepthWallpaper.java
SystemUIModPack	com.android.systemui	manual-scope	true	false		EasyUnlock	app/src/main/java/sh/siava/pixelxpert/xposed/modpacks/systemui/EasyUnlock.java
SystemUIModPack	com.android.systemui	manual-scope	true	false		FeatureFlagsMods	app/src/main/java/sh/siava/pixelxpert/xposed/modpacks/systemui/FeatureFlagsMods.java
SystemUIModPack	com.android.systemui	manual-scope	true	false		FingerprintWhileDozing	app/src/main/java/sh/siava/pixelxpert/xposed/modpacks/systemui/FingerprintWhileDozing.java
SystemUIModPack	com.android.systemui	manual-scope	true	false		FlashlightTile	app/src/main/java/sh/siava/pixelxpert/xposed/modpacks/systemui/FlashlightTile.java
SystemUIModPack	com.android.systemui	manual-scope	true	false		GestureNavbarManager	app/src/main/java/sh/siava/pixelxpert/xposed/modpacks/systemui/GestureNavbarManager.java
SystemUIModPack	com.android.systemui	manual-scope	true	false		IconPacks	app/src/main/java/sh/siava/pixelxpert/xposed/modpacks/systemui/IconPacks.java
SystemUIModPack	com.android.systemui	manual-scope	true	false		KSURootReceiver	app/src/main/java/sh/siava/pixelxpert/xposed/modpacks/systemui/KSURootReceiver.java
SystemUIModPack	com.android.systemui	manual-scope	true	false		KeyGuardPinScrambler	app/src/main/java/sh/siava/pixelxpert/xposed/modpacks/systemui/KeyGuardPinScrambler.java
SystemUIModPack	com.android.systemui	manual-scope	true	false		KeyguardMods	app/src/main/java/sh/siava/pixelxpert/xposed/modpacks/systemui/KeyguardMods.java
SystemUIModPack	com.android.systemui	manual-scope	true	false		MiscSettings	app/src/main/java/sh/siava/pixelxpert/xposed/modpacks/MiscSettings.java
SystemUIModPack	com.android.systemui	manual-scope	true	false		MultiStatusbarRows	app/src/main/java/sh/siava/pixelxpert/xposed/modpacks/systemui/MultiStatusbarRows.java
SystemUIModPack	com.android.systemui	manual-scope	true	false		NotificationExpander	app/src/main/java/sh/siava/pixelxpert/xposed/modpacks/systemui/NotificationExpander.java
SystemUIModPack	com.android.systemui	manual-scope	true	false		NotificationManager	app/src/main/java/sh/siava/pixelxpert/xposed/modpacks/systemui/NotificationManager.java
SystemUIModPack	com.android.systemui	manual-scope	true	false		PowerMenu	app/src/main/java/sh/siava/pixelxpert/xposed/modpacks/systemui/PowerMenu.java
SystemUIModPack	com.android.systemui	manual-scope	true	false		QSTileGrid	app/src/main/java/sh/siava/pixelxpert/xposed/modpacks/systemui/QSTileGrid.java
SystemUIModPack	com.android.systemui	manual-scope	true	false		ScreenGestures	app/src/main/java/sh/siava/pixelxpert/xposed/modpacks/systemui/ScreenGestures.java
SystemUIModPack	com.android.systemui	manual-scope	true	false		ScreenRecord	app/src/main/java/sh/siava/pixelxpert/xposed/modpacks/systemui/ScreenRecord.java
SystemUIModPack	com.android.systemui	manual-scope	false	true	screenshot	ScreenshotManager	app/src/main/java/sh/siava/pixelxpert/xposed/modpacks/systemui/ScreenshotManager.java
SystemUIModPack	com.android.systemui	manual-scope	true	false		StatusIconTuner	app/src/main/java/sh/siava/pixelxpert/xposed/modpacks/systemui/StatusIconTuner.java
SystemUIModPack	com.android.systemui	manual-scope	true	false		StatusbarGestures	app/src/main/java/sh/siava/pixelxpert/xposed/modpacks/systemui/StatusbarGestures.java
SystemUIModPack	com.android.systemui	manual-scope	true	false		StatusbarMods	app/src/main/java/sh/siava/pixelxpert/xposed/modpacks/systemui/StatusbarMods.java
SystemUIModPack	com.android.systemui	manual-scope	true	false		StatusbarSize	app/src/main/java/sh/siava/pixelxpert/xposed/modpacks/android/StatusbarSize.java
SystemUIModPack	com.android.systemui	manual-scope	true	false		ThermalProvider	app/src/main/java/sh/siava/pixelxpert/xposed/modpacks/systemui/ThermalProvider.java
SystemUIModPack	com.android.systemui	manual-scope	true	false		UDFPSManager	app/src/main/java/sh/siava/pixelxpert/xposed/modpacks/systemui/UDFPSManager.java
SystemUIModPack	com.android.systemui	manual-scope	true	false		VolumeTile	app/src/main/java/sh/siava/pixelxpert/xposed/modpacks/systemui/VolumeTile.java
TelecomServerModPack	com.android.server.telecom	blocked	true	true		CallVibrator	app/src/main/java/sh/siava/pixelxpert/xposed/modpacks/android/CallVibrator.java
